ID,Date,Category,Vendor,Amount,Type,Carbon_Score,Charity_Roundup
1,2025-04-24 13:36:29.318005,Healthcare,Vendor_Healthcare_4,-213.14,Expense,21.31,0.86
2,2025-04-25 08:46:29.318005,Transportation,Vendor_Transportation_4,-35.92,Expense,179.6,0.08
3,2025-04-26 08:27:29.318005,Groceries,Vendor_Groceries_2,-53.86,Expense,64.63,0.14
4,2025-04-27 13:17:29.318005,Groceries,Vendor_Groceries_2,-109.22,Expense,131.06,0.78
6,2025-04-27 17:13:29.318005,Healthcare,Vendor_Healthcare_4,-453.05,Expense,45.31,0.95
5,2025-04-27 21:48:29.318005,Transportation,Vendor_Transportation_3,-43.49,Expense,217.45,0.51
8,2025-04-28 11:56:29.318005,Healthcare,Vendor_Healthcare_5,-393.38,Expense,39.34,0.62
7,2025-04-28 12:00:29.318005,Transportation,Vendor_Transportation_3,-78.36,Expense,391.8,0.64
9,2025-04-29 12:43:29.318005,Transportation,Vendor_Transportation_1,-49.16,Expense,245.8,0.84
10,2025-04-29 19:14:29.318005,Transportation,Vendor_Transportation_5,-70.17,Expense,350.85,0.83
12,2025-04-30 16:40:29.318005,Dining,Vendor_Dining_5,-96.97,Expense,145.45,0.03
11,2025-04-30 20:02:29.318005,Shopping,Vendor_Shopping_5,-195.63,Expense,391.26,0.37
13,2025-05-01 07:37:29.318005,Utilities,Vendor_Utilities_5,-271.09,Expense,677.72,0.91
18,2025-05-01 23:07:29.318005,Housing,Property Management,-1800.0,Expense,900.0,0.0
16,2025-05-01 23:07:29.318005,Subscriptions,Adobe,-54.99,Expense,5.5,0.01
17,2025-05-01 23:07:29.318005,Subscriptions,Gym,-45.0,Expense,4.5,0.0
14,2025-05-01 23:07:29.318005,Income,Employer INC,5500.0,Income,0.0,0.0
15,2025-05-01 23:07:29.318005,Subscriptions,Netflix,-15.99,Expense,1.6,0.01
20,2025-05-05 07:12:29.318005,Entertainment,Vendor_Entertainment_3,-44.95,Expense,13.49,0.05
19,2025-05-05 19:14:29.318005,Dining,Vendor_Dining_3,-63.05,Expense,94.57,0.95
21,2025-05-06 14:57:29.318005,Entertainment,Vendor_Entertainment_3,-196.63,Expense,58.99,0.37
22,2025-05-06 15:32:29.318005,Groceries,Vendor_Groceries_2,-110.12,Expense,132.14,0.88
23,2025-05-07 07:20:29.318005,Dining,Vendor_Dining_2,-45.87,Expense,68.8,0.13
24,2025-05-08 08:03:29.318005,Transportation,Vendor_Transportation_5,-67.18,Expense,335.9,0.82
26,2025-05-10 10:36:29.318005,Groceries,Vendor_Groceries_1,-101.9,Expense,122.28,0.1
27,2025-05-10 15:41:29.318005,Healthcare,Vendor_Healthcare_1,-231.96,Expense,23.2,0.04
25,2025-05-10 19:21:29.318005,Dining,Vendor_Dining_3,-41.3,Expense,61.95,0.7
28,2025-05-11 08:21:29.318005,Transportation,Vendor_Transportation_1,-43.48,Expense,217.4,0.52
29,2025-05-11 11:50:29.318005,Transportation,Vendor_Transportation_1,-70.84,Expense,354.2,0.16
30,2025-05-11 19:05:29.318005,Entertainment,Vendor_Entertainment_2,-187.49,Expense,56.25,0.51
31,2025-05-12 10:35:29.318005,Groceries,Vendor_Groceries_1,-54.64,Expense,65.57,0.36
32,2025-05-14 12:41:29.318005,Dining,Vendor_Dining_4,-53.33,Expense,80.0,0.67
33,2025-05-16 10:55:29.318005,Entertainment,Vendor_Entertainment_5,-117.76,Expense,35.33,0.24
34,2025-05-16 12:17:29.318005,Dining,Vendor_Dining_5,-31.37,Expense,47.05,0.63
35,2025-05-16 13:25:29.318005,Entertainment,Vendor_Entertainment_2,-39.69,Expense,11.91,0.31
36,2025-05-17 08:15:29.318005,Utilities,Vendor_Utilities_2,-243.67,Expense,609.17,0.33
37,2025-05-17 08:46:29.318005,Transportation,Vendor_Transportation_5,-76.41,Expense,382.05,0.59
39,2025-05-18 07:07:29.318005,Groceries,Vendor_Groceries_5,-135.66,Expense,162.79,0.34
38,2025-05-18 07:44:29.318005,Dining,Vendor_Dining_5,-68.49,Expense,102.73,0.51
40,2025-05-19 10:09:29.318005,Dining,Vendor_Dining_5,-30.85,Expense,46.28,0.15
41,2025-05-19 15:16:29.318005,Dining,Vendor_Dining_1,-36.3,Expense,54.45,0.7
42,2025-05-20 07:24:29.318005,Entertainment,Vendor_Entertainment_1,-47.32,Expense,14.2,0.68
44,2025-05-21 10:00:29.318005,Groceries,Vendor_Groceries_4,-149.56,Expense,179.47,0.44
43,2025-05-21 15:40:29.318005,Groceries,Vendor_Groceries_3,-146.5,Expense,175.8,0.5
45,2025-05-22 12:02:29.318005,Entertainment,Vendor_Entertainment_5,-83.7,Expense,25.11,0.3
46,2025-05-22 15:24:29.318005,Dining,Vendor_Dining_1,-47.44,Expense,71.16,0.56
48,2025-05-23 20:00:29.318005,Groceries,Vendor_Groceries_5,-130.51,Expense,156.61,0.49
47,2025-05-23 20:50:29.318005,Groceries,Vendor_Groceries_4,-132.01,Expense,158.41,0.99
50,2025-05-24 07:29:29.318005,Dining,Vendor_Dining_1,-78.58,Expense,117.87,0.42
49,2025-05-24 16:58:29.318005,Groceries,Vendor_Groceries_5,-133.51,Expense,160.21,0.49
51,2025-05-25 13:14:29.318005,Groceries,Vendor_Groceries_5,-88.52,Expense,106.22,0.48
52,2025-05-26 19:16:29.318005,Shopping,Vendor_Shopping_3,-250.23,Expense,500.46,0.77
53,2025-05-27 20:53:29.318005,Dining,Vendor_Dining_3,-80.46,Expense,120.69,0.54
54,2025-05-28 16:49:29.318005,Groceries,Vendor_Groceries_1,-52.26,Expense,62.71,0.74
55,2025-05-28 16:57:29.318005,Groceries,Vendor_Groceries_1,-54.43,Expense,65.32,0.57
56,2025-05-29 13:24:29.318005,Groceries,Vendor_Groceries_1,-60.09,Expense,72.11,0.91
57,2025-05-29 17:15:29.318005,Dining,Vendor_Dining_2,-54.11,Expense,81.16,0.89
58,2025-05-30 13:59:29.318005,Dining,Vendor_Dining_2,-38.36,Expense,57.54,0.64
60,2025-05-31 07:26:29.318005,Transportation,Vendor_Transportation_1,-36.94,Expense,184.7,0.06
59,2025-05-31 10:14:29.318005,Groceries,Vendor_Groceries_1,-140.6,Expense,168.72,0.4
62,2025-06-01 08:25:29.318005,Dining,Vendor_Dining_4,-38.32,Expense,57.48,0.68
61,2025-06-01 08:25:29.318005,Groceries,Vendor_Groceries_5,-113.83,Expense,136.6,0.17
63,2025-06-01 14:27:29.318005,Groceries,Vendor_Groceries_1,-55.27,Expense,66.32,0.73
64,2025-06-01 23:07:29.318005,Income,Employer INC,5500.0,Income,0.0,0.0
65,2025-06-01 23:07:29.318005,Subscriptions,Netflix,-15.99,Expense,1.6,0.01
66,2025-06-01 23:07:29.318005,Subscriptions,Adobe,-56.99,Expense,5.7,0.01
67,2025-06-01 23:07:29.318005,Subscriptions,Gym,-45.0,Expense,4.5,0.0
68,2025-06-01 23:07:29.318005,Housing,Property Management,-1800.0,Expense,900.0,0.0
69,2025-06-02 20:50:29.318005,Groceries,Vendor_Groceries_5,-113.98,Expense,136.78,0.02
70,2025-06-04 14:54:29.318005,Dining,Vendor_Dining_5,-90.8,Expense,136.2,0.2
71,2025-06-04 18:04:29.318005,Dining,Vendor_Dining_3,-89.42,Expense,134.13,0.58
72,2025-06-05 17:39:29.318005,Healthcare,Vendor_Healthcare_2,-73.23,Expense,7.32,0.77
73,2025-06-06 10:12:29.318005,Groceries,Vendor_Groceries_1,-55.81,Expense,66.97,0.19
76,2025-06-07 17:46:29.318005,Dining,Vendor_Dining_4,-89.51,Expense,134.27,0.49
74,2025-06-07 19:41:29.318005,Entertainment,Vendor_Entertainment_3,-137.47,Expense,41.24,0.53
75,2025-06-07 21:57:29.318005,Groceries,Vendor_Groceries_5,-96.27,Expense,115.52,0.73
77,2025-06-08 12:13:29.318005,Transportation,Vendor_Transportation_2,-67.57,Expense,337.85,0.43
78,2025-06-08 20:22:29.318005,Transportation,Vendor_Transportation_5,-50.74,Expense,253.7,0.26
79,2025-06-10 10:05:29.318005,Transportation,Vendor_Transportation_3,-23.21,Expense,116.05,0.79
81,2025-06-12 07:58:29.318005,Transportation,Vendor_Transportation_1,-55.56,Expense,277.8,0.44
80,2025-06-12 12:16:29.318005,Healthcare,Vendor_Healthcare_3,-78.19,Expense,7.82,0.81
82,2025-06-12 19:08:29.318005,Dining,Vendor_Dining_1,-68.71,Expense,103.06,0.29
83,2025-06-13 19:14:29.318005,Groceries,Vendor_Groceries_3,-149.82,Expense,179.78,0.18
84,2025-06-14 12:38:29.318005,Groceries,Vendor_Groceries_2,-99.85,Expense,119.82,0.15
85,2025-06-14 13:10:29.318005,Entertainment,Vendor_Entertainment_4,-150.88,Expense,45.26,0.12
88,2025-06-15 07:57:29.318005,Utilities,Vendor_Utilities_3,-274.7,Expense,686.75,0.3
87,2025-06-15 19:26:29.318005,Groceries,Vendor_Groceries_5,-65.92,Expense,79.1,0.08
86,2025-06-15 21:32:29.318005,Transportation,Vendor_Transportation_2,-77.74,Expense,388.7,0.26
90,2025-06-16 15:41:29.318005,Entertainment,Vendor_Entertainment_4,-181.81,Expense,54.54,0.19
89,2025-06-16 17:22:29.318005,Transportation,Vendor_Transportation_5,-65.53,Expense,327.65,0.47
91,2025-06-16 18:47:29.318005,Healthcare,Vendor_Healthcare_3,-292.26,Expense,29.23,0.74
92,2025-06-17 10:08:29.318005,Transportation,Vendor_Transportation_1,-49.26,Expense,246.3,0.74
93,2025-06-17 18:41:29.318005,Entertainment,Vendor_Entertainment_2,-189.02,Expense,56.71,0.98
96,2025-06-18 15:28:29.318005,Transportation,Vendor_Transportation_5,-75.42,Expense,377.1,0.58
95,2025-06-18 16:49:29.318005,Utilities,Vendor_Utilities_5,-226.12,Expense,565.3,0.88
94,2025-06-18 20:08:29.318005,Transportation,Vendor_Transportation_5,-39.36,Expense,196.8,0.64
99,2025-06-21 15:03:29.318005,Groceries,Vendor_Groceries_4,-97.62,Expense,117.14,0.38
97,2025-06-21 16:10:29.318005,Groceries,Vendor_Groceries_1,-135.88,Expense,163.06,0.12
98,2025-06-21 21:10:29.318005,Groceries,Vendor_Groceries_4,-120.5,Expense,144.6,0.5
100,2025-06-23 11:06:29.318005,Groceries,Vendor_Groceries_4,-81.42,Expense,97.7,0.58
101,2025-06-23 18:57:29.318005,Dining,Vendor_Dining_4,-75.07,Expense,112.6,0.93
102,2025-06-25 13:09:29.318005,Shopping,Vendor_Shopping_1,-42.13,Expense,84.26,0.87
104,2025-06-26 12:42:29.318005,Transportation,Vendor_Transportation_1,-46.68,Expense,233.4,0.32
103,2025-06-26 18:59:29.318005,Transportation,Vendor_Transportation_5,-50.31,Expense,251.55,0.69
105,2025-06-29 19:21:29.318005,Dining,Vendor_Dining_4,-55.32,Expense,82.98,0.68
110,2025-07-01 23:07:29.318005,Housing,Property Management,-1800.0,Expense,900.0,0.0
109,2025-07-01 23:07:29.318005,Subscriptions,Gym,-45.0,Expense,4.5,0.0
107,2025-07-01 23:07:29.318005,Subscriptions,Netflix,-15.99,Expense,1.6,0.01
108,2025-07-01 23:07:29.318005,Subscriptions,Adobe,-56.99,Expense,5.7,0.01
106,2025-07-01 23:07:29.318005,Income,Employer INC,5500.0,Income,0.0,0.0
112,2025-07-03 09:08:29.318005,Groceries,Vendor_Groceries_1,-147.02,Expense,176.42,0.98
111,2025-07-03 17:47:29.318005,Transportation,Vendor_Transportation_5,-35.39,Expense,176.95,0.61
114,2025-07-05 18:01:29.318005,Groceries,Vendor_Groceries_4,-56.21,Expense,67.45,0.79
115,2025-07-05 19:36:29.318005,Groceries,Vendor_Groceries_5,-134.39,Expense,161.27,0.61
113,2025-07-05 19:39:29.318005,Transportation,Vendor_Transportation_3,-66.82,Expense,334.1,0.18
117,2025-07-06 10:11:29.318005,Dining,Vendor_Dining_3,-49.56,Expense,74.34,0.44
116,2025-07-06 15:55:29.318005,Groceries,Vendor_Groceries_4,-83.64,Expense,100.37,0.36
118,2025-07-07 07:11:29.318005,Utilities,Vendor_Utilities_3,-257.8,Expense,644.5,0.2
119,2025-07-07 14:58:29.318005,Entertainment,Vendor_Entertainment_2,-178.49,Expense,53.55,0.51
120,2025-07-07 20:30:29.318005,Dining,Vendor_Dining_5,-30.7,Expense,46.05,0.3
123,2025-07-09 07:24:29.318005,Healthcare,Vendor_Healthcare_2,-232.76,Expense,23.28,0.24
122,2025-07-09 08:40:29.318005,Transportation,Vendor_Transportation_4,-49.32,Expense,246.6,0.68
121,2025-07-09 18:54:29.318005,Transportation,Vendor_Transportation_4,-35.88,Expense,179.4,0.12
125,2025-07-10 10:44:29.318005,Entertainment,Vendor_Entertainment_5,-167.3,Expense,50.19,0.7
126,2025-07-10 11:35:29.318005,Groceries,Vendor_Groceries_2,-64.84,Expense,77.81,0.16
124,2025-07-10 20:15:29.318005,Entertainment,Vendor_Entertainment_3,-92.96,Expense,27.89,0.04
127,2025-07-11 16:01:29.318005,Dining,Vendor_Dining_5,-35.77,Expense,53.66,0.23
129,2025-07-12 09:19:29.318005,Healthcare,Vendor_Healthcare_2,-459.83,Expense,45.98,0.17
130,2025-07-12 14:32:29.318005,Groceries,Vendor_Groceries_1,-144.25,Expense,173.1,0.75
128,2025-07-12 20:55:29.318005,Groceries,Vendor_Groceries_2,-125.31,Expense,150.37,0.69
132,2025-07-13 15:48:29.318005,Entertainment,Vendor_Entertainment_1,-129.3,Expense,38.79,0.7
131,2025-07-13 21:00:29.318005,Transportation,Vendor_Transportation_3,-71.41,Expense,357.05,0.59
133,2025-07-14 17:32:29.318005,Groceries,Vendor_Groceries_1,-64.08,Expense,76.9,0.92
135,2025-07-15 12:07:29.318005,Groceries,Vendor_Groceries_1,-144.82,Expense,173.78,0.18
134,2025-07-15 17:45:29.318005,Entertainment,Vendor_Entertainment_4,-40.44,Expense,12.13,0.56
137,2025-07-17 08:59:29.318005,Dining,Vendor_Dining_1,-82.29,Expense,123.44,0.71
136,2025-07-17 13:52:29.318005,Transportation,Vendor_Transportation_3,-45.72,Expense,228.6,0.28
138,2025-07-17 16:21:29.318005,Healthcare,Vendor_Healthcare_2,-340.8,Expense,34.08,0.2
139,2025-07-18 13:05:29.318005,Groceries,Vendor_Groceries_5,-81.09,Expense,97.31,0.91
140,2025-07-18 17:32:29.318005,Entertainment,Vendor_Entertainment_5,-32.96,Expense,9.89,0.04
141,2025-07-19 08:59:29.318005,Groceries,Vendor_Groceries_2,-131.17,Expense,157.4,0.83
142,2025-07-19 15:29:29.318005,Dining,Vendor_Dining_4,-89.67,Expense,134.5,0.33
143,2025-07-20 13:56:29.318005,Groceries,Vendor_Groceries_5,-142.25,Expense,170.7,0.75
144,2025-07-20 15:00:29.318005,Transportation,Vendor_Transportation_1,-23.29,Expense,116.45,0.71
145,2025-07-21 12:51:29.318005,Transportation,Vendor_Transportation_3,-39.41,Expense,197.05,0.59
146,2025-07-21 16:07:29.318005,Groceries,Vendor_Groceries_1,-78.99,Expense,94.79,0.01
147,2025-07-22 11:22:29.318005,Entertainment,Vendor_Entertainment_2,-41.55,Expense,12.46,0.45
148,2025-07-22 19:41:29.318005,Groceries,Vendor_Groceries_4,-137.13,Expense,164.56,0.87
149,2025-07-23 16:54:29.318005,Groceries,Vendor_Groceries_4,-98.56,Expense,118.27,0.44
150,2025-07-25 14:24:29.318005,Shopping,Vendor_Shopping_2,-207.12,Expense,414.24,0.88
151,2025-07-25 18:30:29.318005,Transportation,Vendor_Transportation_4,-49.45,Expense,247.25,0.55
152,2025-07-26 11:04:29.318005,Dining,Vendor_Dining_3,-79.62,Expense,119.43,0.38
153,2025-07-26 11:25:29.318005,Groceries,Vendor_Groceries_5,-145.27,Expense,174.32,0.73
154,2025-07-26 17:24:29.318005,Healthcare,Vendor_Healthcare_5,-293.55,Expense,29.36,0.45
156,2025-07-27 10:09:29.318005,Dining,Vendor_Dining_5,-98.95,Expense,148.43,0.05
155,2025-07-27 16:28:29.318005,Dining,Vendor_Dining_3,-98.17,Expense,147.25,0.83
157,2025-07-29 12:26:29.318005,Dining,Vendor_Dining_4,-78.88,Expense,118.32,0.12
159,2025-07-30 11:19:29.318005,Transportation,Vendor_Transportation_5,-30.75,Expense,153.75,0.25
158,2025-07-30 12:28:29.318005,Groceries,Vendor_Groceries_1,-68.45,Expense,82.14,0.55
161,2025-08-01 14:45:29.318005,Dining,Vendor_Dining_2,-48.34,Expense,72.51,0.66
160,2025-08-01 18:10:29.318005,Dining,Vendor_Dining_4,-74.66,Expense,111.99,0.34
162,2025-08-01 23:07:29.318005,Income,Employer INC,5500.0,Income,0.0,0.0
163,2025-08-01 23:07:29.318005,Subscriptions,Netflix,-15.99,Expense,1.6,0.01
164,2025-08-01 23:07:29.318005,Subscriptions,Adobe,-56.99,Expense,5.7,0.01
165,2025-08-01 23:07:29.318005,Subscriptions,Gym,-45.0,Expense,4.5,0.0
166,2025-08-01 23:07:29.318005,Housing,Property Management,-1800.0,Expense,900.0,0.0
168,2025-08-04 07:07:29.318005,Dining,Vendor_Dining_3,-49.2,Expense,73.8,0.8
167,2025-08-04 14:41:29.318005,Healthcare,Vendor_Healthcare_5,-380.77,Expense,38.08,0.23
170,2025-08-05 16:16:29.318005,Groceries,Vendor_Groceries_3,-147.07,Expense,176.48,0.93
169,2025-08-05 20:28:29.318005,Dining,Vendor_Dining_4,-81.9,Expense,122.85,0.1
172,2025-08-06 08:23:29.318005,Groceries,Vendor_Groceries_4,-74.82,Expense,89.78,0.18
173,2025-08-06 09:27:29.318005,Dining,Vendor_Dining_3,-91.68,Expense,137.52,0.32
171,2025-08-06 17:37:29.318005,Dining,Vendor_Dining_4,-51.33,Expense,77.0,0.67
174,2025-08-07 15:03:29.318005,Dining,Vendor_Dining_4,-83.76,Expense,125.64,0.24
175,2025-08-08 12:20:29.318005,Entertainment,Vendor_Entertainment_1,-143.05,Expense,42.91,0.95
176,2025-08-08 14:27:29.318005,Groceries,Vendor_Groceries_5,-97.72,Expense,117.26,0.28
177,2025-08-09 17:51:29.318005,Transportation,Vendor_Transportation_3,-72.76,Expense,363.8,0.24
179,2025-08-10 13:37:29.318005,Transportation,Vendor_Transportation_4,-28.09,Expense,140.45,0.91
178,2025-08-10 13:55:29.318005,Transportation,Vendor_Transportation_2,-28.96,Expense,144.8,0.04
180,2025-08-10 17:48:29.318005,Groceries,Vendor_Groceries_3,-59.72,Expense,71.66,0.28
182,2025-08-11 12:21:29.318005,Dining,Vendor_Dining_3,-93.67,Expense,140.5,0.33
181,2025-08-11 17:24:29.318005,Dining,Vendor_Dining_4,-86.78,Expense,130.17,0.22
183,2025-08-11 18:51:29.318005,Transportation,Vendor_Transportation_2,-75.9,Expense,379.5,0.1
185,2025-08-12 13:09:29.318005,Dining,Vendor_Dining_5,-70.48,Expense,105.72,0.52
184,2025-08-12 13:27:29.318005,Groceries,Vendor_Groceries_5,-69.92,Expense,83.9,0.08
186,2025-08-15 14:00:29.318005,Transportation,Vendor_Transportation_4,-51.9,Expense,259.5,0.1
187,2025-08-15 20:07:29.318005,Entertainment,Vendor_Entertainment_2,-175.96,Expense,52.79,0.04
190,2025-08-16 12:18:29.318005,Groceries,Vendor_Groceries_3,-82.94,Expense,99.53,0.06
188,2025-08-16 14:10:29.318005,Transportation,Vendor_Transportation_1,-51.53,Expense,257.65,0.47
189,2025-08-16 19:16:29.318005,Groceries,Vendor_Groceries_1,-98.98,Expense,118.78,0.02
191,2025-08-17 16:45:29.318005,Dining,Vendor_Dining_2,-58.96,Expense,88.44,0.04
192,2025-08-17 18:21:29.318005,Groceries,Vendor_Groceries_4,-50.13,Expense,60.16,0.87
194,2025-08-18 09:41:29.318005,Shopping,Vendor_Shopping_1,-228.54,Expense,457.08,0.46
193,2025-08-18 13:25:29.318005,Groceries,Vendor_Groceries_4,-129.1,Expense,154.92,0.9
195,2025-08-19 14:45:29.318005,Healthcare,Vendor_Healthcare_5,-492.54,Expense,49.25,0.46
197,2025-08-21 07:45:29.318005,Groceries,Vendor_Groceries_1,-87.96,Expense,105.55,0.04
196,2025-08-21 09:38:29.318005,Transportation,Vendor_Transportation_1,-53.32,Expense,266.6,0.68
200,2025-08-22 07:48:29.318005,Shopping,Vendor_Shopping_2,-63.53,Expense,127.06,0.47
198,2025-08-22 10:26:29.318005,Transportation,Vendor_Transportation_5,-27.74,Expense,138.7,0.26
199,2025-08-22 14:15:29.318005,Transportation,Vendor_Transportation_5,-50.19,Expense,250.95,0.81
201,2025-08-23 17:27:29.318005,Dining,Vendor_Dining_4,-61.9,Expense,92.85,0.1
202,2025-08-25 15:12:29.318005,Shopping,Vendor_Shopping_2,-291.17,Expense,582.34,0.83
203,2025-08-26 18:18:29.318005,Groceries,Vendor_Groceries_1,-62.33,Expense,74.8,0.67
205,2025-08-27 13:22:29.318005,Groceries,Vendor_Groceries_3,-63.16,Expense,75.79,0.84
204,2025-08-27 17:30:29.318005,Dining,Vendor_Dining_2,-64.39,Expense,96.59,0.61
207,2025-08-29 18:28:29.318005,Utilities,Vendor_Utilities_5,-195.58,Expense,488.95,0.42
206,2025-08-29 21:02:29.318005,Entertainment,Vendor_Entertainment_5,-106.3,Expense,31.89,0.7
208,2025-08-30 10:03:29.318005,Transportation,Vendor_Transportation_2,-71.83,Expense,359.15,0.17
210,2025-08-30 19:02:29.318005,Groceries,Vendor_Groceries_2,-108.1,Expense,129.72,0.9
209,2025-08-30 20:27:29.318005,Groceries,Vendor_Groceries_5,-70.09,Expense,84.11,0.91
211,2025-09-01 12:52:29.318005,Dining,Vendor_Dining_1,-89.73,Expense,134.59,0.27
216,2025-09-01 23:07:29.318005,Housing,Property Management,-1800.0,Expense,900.0,0.0
214,2025-09-01 23:07:29.318005,Subscriptions,Adobe,-56.99,Expense,5.7,0.01
215,2025-09-01 23:07:29.318005,Subscriptions,Gym,-45.0,Expense,4.5,0.0
213,2025-09-01 23:07:29.318005,Subscriptions,Netflix,-15.99,Expense,1.6,0.01
212,2025-09-01 23:07:29.318005,Income,Employer INC,5500.0,Income,0.0,0.0
219,2025-09-02 12:31:29.318005,Transportation,Vendor_Transportation_1,-63.4,Expense,317.0,0.6
218,2025-09-02 17:54:29.318005,Healthcare,Vendor_Healthcare_2,-59.91,Expense,5.99,0.09
217,2025-09-02 20:43:29.318005,Dining,Vendor_Dining_3,-47.27,Expense,70.91,0.73
220,2025-09-04 14:11:29.318005,Dining,Vendor_Dining_3,-62.42,Expense,93.63,0.58
221,2025-09-04 19:49:29.318005,Dining,Vendor_Dining_3,-98.07,Expense,147.1,0.93
222,2025-09-05 07:28:29.318005,Transportation,Vendor_Transportation_4,-78.62,Expense,393.1,0.38
223,2025-09-05 16:19:29.318005,Groceries,Vendor_Groceries_5,-51.62,Expense,61.94,0.38
224,2025-09-06 10:10:29.318005,Dining,Vendor_Dining_3,-31.87,Expense,47.8,0.13
226,2025-09-06 13:56:29.318005,Healthcare,Vendor_Healthcare_4,-412.2,Expense,41.22,0.8
225,2025-09-06 19:25:29.318005,Groceries,Vendor_Groceries_5,-126.3,Expense,151.56,0.7
228,2025-09-09 07:22:29.318005,Groceries,Vendor_Groceries_2,-93.8,Expense,112.56,0.2
227,2025-09-09 15:07:29.318005,Transportation,Vendor_Transportation_4,-69.66,Expense,348.3,0.34
229,2025-09-10 10:03:29.318005,Transportation,Vendor_Transportation_3,-28.59,Expense,142.95,0.41
232,2025-09-11 10:30:29.318005,Groceries,Vendor_Groceries_1,-113.41,Expense,136.09,0.59
230,2025-09-11 11:51:29.318005,Groceries,Vendor_Groceries_3,-121.61,Expense,145.93,0.39
231,2025-09-11 12:41:29.318005,Entertainment,Vendor_Entertainment_2,-92.44,Expense,27.73,0.56
233,2025-09-16 14:31:29.318005,Healthcare,Vendor_Healthcare_1,-218.96,Expense,21.9,0.04
234,2025-09-17 18:22:29.318005,Dining,Vendor_Dining_1,-62.63,Expense,93.95,0.37
235,2025-09-19 17:59:29.318005,Entertainment,Vendor_Entertainment_1,-22.53,Expense,6.76,0.47
236,2025-09-20 20:26:29.318005,Entertainment,Vendor_Entertainment_3,-37.94,Expense,11.38,0.06
237,2025-09-21 12:52:29.318005,Dining,Vendor_Dining_3,-44.09,Expense,66.14,0.91
239,2025-09-21 14:16:29.318005,Shopping,Vendor_Shopping_2,-98.14,Expense,196.28,0.86
238,2025-09-21 19:09:29.318005,Healthcare,Vendor_Healthcare_4,-221.94,Expense,22.19,0.06
240,2025-09-22 07:14:29.318005,Groceries,Vendor_Groceries_5,-148.48,Expense,178.18,0.52
241,2025-09-22 17:42:29.318005,Transportation,Vendor_Transportation_4,-24.99,Expense,124.95,0.01
242,2025-09-23 13:56:29.318005,Entertainment,Vendor_Entertainment_2,-187.75,Expense,56.32,0.25
243,2025-09-23 18:51:29.318005,Groceries,Vendor_Groceries_3,-53.62,Expense,64.34,0.38
244,2025-09-23 18:55:29.318005,Dining,Vendor_Dining_3,-53.02,Expense,79.53,0.98
245,2025-09-24 17:09:29.318005,Dining,Vendor_Dining_5,-51.09,Expense,76.64,0.91
246,2025-09-24 19:09:29.318005,Groceries,Vendor_Groceries_3,-80.97,Expense,97.16,0.03
247,2025-09-25 08:56:29.318005,Dining,Vendor_Dining_4,-33.08,Expense,49.62,0.92
248,2025-09-26 09:01:29.318005,Transportation,Vendor_Transportation_4,-58.06,Expense,290.3,0.94
249,2025-09-26 19:42:29.318005,Shopping,Vendor_Shopping_5,-262.21,Expense,524.42,0.79
250,2025-09-26 20:51:29.318005,Shopping,Vendor_Shopping_4,-56.07,Expense,112.14,0.93
251,2025-09-27 08:31:29.318005,Groceries,Vendor_Groceries_5,-123.99,Expense,148.79,0.01
252,2025-09-29 07:23:29.318005,Utilities,Vendor_Utilities_1,-101.95,Expense,254.88,0.05
254,2025-09-29 08:12:29.318005,Groceries,Vendor_Groceries_3,-131.15,Expense,157.38,0.85
253,2025-09-29 13:59:29.318005,Groceries,Vendor_Groceries_4,-100.43,Expense,120.52,0.57
257,2025-09-30 09:20:29.318005,Groceries,Vendor_Groceries_1,-75.79,Expense,90.95,0.21
255,2025-09-30 15:48:29.318005,Dining,Vendor_Dining_2,-42.1,Expense,63.15,0.9
256,2025-09-30 21:19:29.318005,Dining,Vendor_Dining_4,-38.89,Expense,58.34,0.11
258,2025-10-01 13:44:29.318005,Transportation,Vendor_Transportation_1,-77.63,Expense,388.15,0.37
263,2025-10-01 23:07:29.318005,Housing,Property Management,-1800.0,Expense,900.0,0.0
262,2025-10-01 23:07:29.318005,Subscriptions,Gym,-45.0,Expense,4.5,0.0
259,2025-10-01 23:07:29.318005,Income,Employer INC,5500.0,Income,0.0,0.0
260,2025-10-01 23:07:29.318005,Subscriptions,Netflix,-15.99,Expense,1.6,0.01
261,2025-10-01 23:07:29.318005,Subscriptions,Adobe,-56.99,Expense,5.7,0.01
264,2025-10-02 11:44:29.318005,Transportation,Vendor_Transportation_2,-25.77,Expense,128.85,0.23
265,2025-10-03 19:54:29.318005,Shopping,Vendor_Shopping_4,-86.4,Expense,172.8,0.6
266,2025-10-03 20:14:29.318005,Dining,Vendor_Dining_5,-85.8,Expense,128.7,0.2
269,2025-10-04 10:27:29.318005,Groceries,Vendor_Groceries_2,-80.68,Expense,96.82,0.32
268,2025-10-04 10:58:29.318005,Entertainment,Vendor_Entertainment_4,-102.69,Expense,30.81,0.31
267,2025-10-04 14:31:29.318005,Healthcare,Vendor_Healthcare_3,-263.57,Expense,26.36,0.43
270,2025-10-05 12:44:29.318005,Groceries,Vendor_Groceries_2,-63.86,Expense,76.63,0.14
271,2025-10-08 16:10:29.318005,Transportation,Vendor_Transportation_4,-31.17,Expense,155.85,0.83
272,2025-10-08 18:49:29.318005,Groceries,Vendor_Groceries_5,-63.85,Expense,76.62,0.15
273,2025-10-09 09:19:29.318005,Groceries,Vendor_Groceries_3,-147.34,Expense,176.81,0.66
274,2025-10-09 10:06:29.318005,Entertainment,Vendor_Entertainment_1,-25.2,Expense,7.56,0.8
275,2025-10-09 15:02:29.318005,Dining,Vendor_Dining_4,-55.08,Expense,82.62,0.92
277,2025-10-10 20:41:29.318005,Shopping,Vendor_Shopping_4,-286.71,Expense,573.42,0.29
276,2025-10-10 21:03:29.318005,Dining,Vendor_Dining_3,-40.98,Expense,61.47,0.02
278,2025-10-11 13:43:29.318005,Dining,Vendor_Dining_4,-59.87,Expense,89.8,0.13
279,2025-10-13 09:11:29.318005,Groceries,Vendor_Groceries_5,-138.45,Expense,166.14,0.55
281,2025-10-13 14:07:29.318005,Transportation,Vendor_Transportation_3,-28.83,Expense,144.15,0.17
280,2025-10-13 20:51:29.318005,Utilities,Vendor_Utilities_5,-251.5,Expense,628.75,0.5
282,2025-10-14 20:55:29.318005,Groceries,Vendor_Groceries_5,-87.73,Expense,105.28,0.27
283,2025-10-15 10:05:29.318005,Groceries,Vendor_Groceries_1,-145.92,Expense,175.1,0.08
284,2025-10-16 15:14:29.318005,Groceries,Vendor_Groceries_2,-65.77,Expense,78.92,0.23
285,2025-10-16 17:00:29.318005,Transportation,Vendor_Transportation_4,-68.2,Expense,341.0,0.8
287,2025-10-17 08:18:29.318005,Dining,Vendor_Dining_4,-91.12,Expense,136.68,0.88
286,2025-10-17 16:20:29.318005,Dining,Vendor_Dining_3,-60.28,Expense,90.42,0.72
288,2025-10-18 12:24:29.318005,Transportation,Vendor_Transportation_2,-67.9,Expense,339.5,0.1
290,2025-10-18 12:30:29.318005,Utilities,Vendor_Utilities_2,-294.08,Expense,735.2,0.92
289,2025-10-18 14:59:29.318005,Utilities,Vendor_Utilities_5,-274.15,Expense,685.38,0.85
291,2025-10-20 12:26:29.318005,Transportation,Vendor_Transportation_5,-35.75,Expense,178.75,0.25
292,2025-10-21 20:02:29.318005,Dining,Vendor_Dining_5,-68.31,Expense,102.47,0.69
293,2025-10-21 22:01:29.318005,Entertainment,Vendor_Entertainment_4,-144.29,Expense,43.29,0.71
296,2025-10-22 11:32:29.318005,Groceries,Vendor_Groceries_4,-58.81,Expense,70.57,0.19
294,2025-10-22 13:36:29.318005,Dining,Vendor_Dining_1,-97.83,Expense,146.75,0.17
295,2025-10-22 18:02:29.318005,Entertainment,Vendor_Entertainment_5,-180.18,Expense,54.05,0.82
298,2025-10-23 09:22:29.318005,Utilities,Vendor_Utilities_4,-191.21,Expense,478.03,0.79
297,2025-10-23 12:06:29.318005,Groceries,Vendor_Groceries_4,-102.03,Expense,122.44,0.97
299,2025-10-24 11:11:29.318005,Transportation,Vendor_Transportation_5,-47.26,Expense,236.3,0.74
300,2025-10-24 19:36:29.318005,Groceries,Vendor_Groceries_3,-106.46,Expense,127.75,0.54
303,2025-10-25 08:22:29.318005,Transportation,Vendor_Transportation_1,-63.46,Expense,317.3,0.54
301,2025-10-25 13:57:29.318005,Groceries,Vendor_Groceries_3,-99.29,Expense,119.15,0.71
302,2025-10-25 16:16:29.318005,Groceries,Vendor_Groceries_1,-96.67,Expense,116.0,0.33
304,2025-10-26 09:56:29.318005,Dining,Vendor_Dining_1,-46.72,Expense,70.08,0.28
305,2025-10-27 17:33:29.318005,Transportation,Vendor_Transportation_2,-38.89,Expense,194.45,0.11
307,2025-10-27 20:59:29.318005,Groceries,Vendor_Groceries_5,-60.21,Expense,72.25,0.79
306,2025-10-27 21:40:29.318005,Dining,Vendor_Dining_3,-77.45,Expense,116.18,0.55
309,2025-10-28 15:22:29.318005,Groceries,Vendor_Groceries_2,-66.87,Expense,80.24,0.13
308,2025-10-28 18:56:29.318005,Healthcare,Vendor_Healthcare_5,-204.35,Expense,20.44,0.65
311,2025-10-29 12:33:29.318005,Groceries,Vendor_Groceries_5,-74.47,Expense,89.36,0.53
310,2025-10-29 21:12:29.318005,Dining,Vendor_Dining_4,-83.77,Expense,125.66,0.23
312,2025-10-31 16:53:29.318005,Groceries,Vendor_Groceries_4,-122.27,Expense,146.72,0.73
314,2025-11-01 17:02:29.318005,Groceries,Vendor_Groceries_4,-108.97,Expense,130.76,0.03
313,2025-11-01 19:58:29.318005,Groceries,Vendor_Groceries_1,-68.18,Expense,81.82,0.82
315,2025-11-01 23:07:29.318005,Income,Employer INC,5500.0,Income,0.0,0.0
316,2025-11-01 23:07:29.318005,Subscriptions,Netflix,-15.99,Expense,1.6,0.01
317,2025-11-01 23:07:29.318005,Subscriptions,Adobe,-56.99,Expense,5.7,0.01
318,2025-11-01 23:07:29.318005,Subscriptions,Gym,-45.0,Expense,4.5,0.0
319,2025-11-01 23:07:29.318005,Housing,Property Management,-1800.0,Expense,900.0,0.0
321,2025-11-02 19:06:29.318005,Groceries,Vendor_Groceries_4,-83.79,Expense,100.55,0.21
320,2025-11-02 19:22:29.318005,Groceries,Vendor_Groceries_4,-55.91,Expense,67.09,0.09
322,2025-11-03 16:02:29.318005,Entertainment,Vendor_Entertainment_3,-52.98,Expense,15.89,0.02
323,2025-11-04 19:29:29.318005,Groceries,Vendor_Groceries_4,-60.47,Expense,72.56,0.53
324,2025-11-05 13:29:29.318005,Transportation,Vendor_Transportation_2,-57.04,Expense,285.2,0.96
325,2025-11-06 11:45:29.318005,Groceries,Vendor_Groceries_2,-103.02,Expense,123.62,0.98
327,2025-11-06 12:18:29.318005,Groceries,Vendor_Groceries_3,-139.95,Expense,167.94,0.05
326,2025-11-06 19:28:29.318005,Dining,Vendor_Dining_1,-99.41,Expense,149.12,0.59
328,2025-11-07 11:46:29.318005,Groceries,Vendor_Groceries_4,-81.2,Expense,97.44,0.8
329,2025-11-07 16:18:29.318005,Dining,Vendor_Dining_1,-31.47,Expense,47.2,0.53
332,2025-11-09 07:31:29.318005,Dining,Vendor_Dining_3,-49.54,Expense,74.31,0.46
331,2025-11-09 19:50:29.318005,Utilities,Vendor_Utilities_1,-234.16,Expense,585.4,0.84
330,2025-11-09 20:20:29.318005,Transportation,Vendor_Transportation_5,-53.79,Expense,268.95,0.21
333,2025-11-10 12:17:29.318005,Groceries,Vendor_Groceries_4,-138.11,Expense,165.73,0.89
334,2025-11-10 13:29:29.318005,Groceries,Vendor_Groceries_5,-106.25,Expense,127.5,0.75
337,2025-11-11 10:38:29.318005,Entertainment,Vendor_Entertainment_5,-161.92,Expense,48.58,0.08
336,2025-11-11 19:01:29.318005,Transportation,Vendor_Transportation_5,-59.57,Expense,297.85,0.43
335,2025-11-11 22:04:29.318005,Dining,Vendor_Dining_5,-31.12,Expense,46.68,0.88
339,2025-11-12 16:33:29.318005,Dining,Vendor_Dining_1,-69.31,Expense,103.97,0.69
338,2025-11-12 21:08:29.318005,Utilities,Vendor_Utilities_3,-194.51,Expense,486.27,0.49
340,2025-11-12 21:50:29.318005,Transportation,Vendor_Transportation_1,-53.86,Expense,269.3,0.14
342,2025-11-13 08:34:29.318005,Groceries,Vendor_Groceries_1,-125.3,Expense,150.36,0.7
341,2025-11-13 17:50:29.318005,Groceries,Vendor_Groceries_2,-114.53,Expense,137.44,0.47
344,2025-11-14 14:11:29.318005,Entertainment,Vendor_Entertainment_1,-24.92,Expense,7.48,0.08
343,2025-11-14 20:46:29.318005,Dining,Vendor_Dining_3,-44.99,Expense,67.48,0.01
346,2025-11-16 12:57:29.318005,Groceries,Vendor_Groceries_2,-72.93,Expense,87.52,0.07
347,2025-11-16 13:17:29.318005,Transportation,Vendor_Transportation_5,-78.45,Expense,392.25,0.55
345,2025-11-16 13:19:29.318005,Transportation,Vendor_Transportation_5,-31.87,Expense,159.35,0.13
348,2025-11-17 18:40:29.318005,Healthcare,Vendor_Healthcare_1,-266.59,Expense,26.66,0.41
349,2025-11-18 07:29:29.318005,Groceries,Vendor_Groceries_2,-53.22,Expense,63.86,0.78
350,2025-11-19 18:47:29.318005,Groceries,Vendor_Groceries_1,-64.25,Expense,77.1,0.75
351,2025-11-20 16:50:29.318005,Groceries,Vendor_Groceries_5,-76.7,Expense,92.04,0.3
353,2025-11-21 11:11:29.318005,Utilities,Vendor_Utilities_1,-285.36,Expense,713.4,0.64
352,2025-11-21 11:24:29.318005,Shopping,Vendor_Shopping_1,-624.36,Expense,1248.72,0.64
354,2025-11-21 14:24:29.318005,Healthcare,Vendor_Healthcare_5,-243.6,Expense,24.36,0.4
356,2025-11-22 16:52:29.318005,Groceries,Vendor_Groceries_4,-63.74,Expense,76.49,0.26
355,2025-11-22 16:54:29.318005,Healthcare,Vendor_Healthcare_3,-69.07,Expense,6.91,0.93
358,2025-11-24 12:47:29.318005,Dining,Vendor_Dining_3,-67.24,Expense,100.86,0.76
359,2025-11-24 13:39:29.318005,Groceries,Vendor_Groceries_4,-115.75,Expense,138.9,0.25
357,2025-11-24 17:47:29.318005,Dining,Vendor_Dining_3,-68.23,Expense,102.34,0.77
362,2025-11-25 09:28:29.318005,Dining,Vendor_Dining_5,-39.67,Expense,59.51,0.33
360,2025-11-25 16:01:29.318005,Groceries,Vendor_Groceries_2,-58.61,Expense,70.33,0.39
361,2025-11-25 18:06:29.318005,Dining,Vendor_Dining_5,-96.73,Expense,145.09,0.27
364,2025-11-26 15:41:29.318005,Healthcare,Vendor_Healthcare_5,-312.12,Expense,31.21,0.88
363,2025-11-26 16:36:29.318005,Groceries,Vendor_Groceries_2,-109.19,Expense,131.03,0.81
365,2025-11-27 08:46:29.318005,Groceries,Vendor_Groceries_1,-105.82,Expense,126.98,0.18
366,2025-11-27 09:51:29.318005,Dining,Vendor_Dining_4,-87.71,Expense,131.56,0.29
368,2025-11-28 11:45:29.318005,Utilities,Vendor_Utilities_4,-258.6,Expense,646.5,0.4
367,2025-11-28 17:00:29.318005,Groceries,Vendor_Groceries_4,-93.79,Expense,112.55,0.21
369,2025-11-28 19:11:29.318005,Groceries,Vendor_Groceries_1,-102.3,Expense,122.76,0.7
370,2025-11-29 17:40:29.318005,Entertainment,Vendor_Entertainment_2,-119.69,Expense,35.91,0.31
371,2025-11-30 19:05:29.318005,Groceries,Vendor_Groceries_5,-65.53,Expense,78.64,0.47
372,2025-12-01 10:27:29.318005,Transportation,Vendor_Transportation_4,-58.19,Expense,290.95,0.81
377,2025-12-01 23:07:29.318005,Housing,Property Management,-1800.0,Expense,900.0,0.0
375,2025-12-01 23:07:29.318005,Subscriptions,Adobe,-58.99,Expense,5.9,0.01
376,2025-12-01 23:07:29.318005,Subscriptions,Gym,-45.0,Expense,4.5,0.0
373,2025-12-01 23:07:29.318005,Income,Employer INC,5500.0,Income,0.0,0.0
374,2025-12-01 23:07:29.318005,Subscriptions,Netflix,-15.99,Expense,1.6,0.01
378,2025-12-03 15:26:29.318005,Transportation,Vendor_Transportation_1,-29.12,Expense,145.6,0.88
379,2025-12-03 19:49:29.318005,Utilities,Vendor_Utilities_5,-163.02,Expense,407.55,0.98
380,2025-12-03 22:05:29.318005,Groceries,Vendor_Groceries_3,-117.42,Expense,140.9,0.58
381,2025-12-05 18:04:29.318005,Transportation,Vendor_Transportation_2,-21.39,Expense,106.95,0.61
383,2025-12-05 19:14:29.318005,Healthcare,Vendor_Healthcare_5,-258.99,Expense,25.9,0.01
382,2025-12-05 19:37:29.318005,Utilities,Vendor_Utilities_2,-269.32,Expense,673.3,0.68
384,2025-12-06 16:03:29.318005,Dining,Vendor_Dining_2,-49.84,Expense,74.76,0.16
385,2025-12-06 19:08:29.318005,Entertainment,Vendor_Entertainment_4,-71.12,Expense,21.34,0.88
386,2025-12-06 21:12:29.318005,Dining,Vendor_Dining_2,-31.37,Expense,47.05,0.63
387,2025-12-08 14:49:29.318005,Shopping,Vendor_Shopping_2,-260.38,Expense,520.76,0.62
388,2025-12-08 19:43:29.318005,Transportation,Vendor_Transportation_5,-38.2,Expense,191.0,0.8
389,2025-12-09 18:36:29.318005,Dining,Vendor_Dining_4,-55.84,Expense,83.76,0.16
390,2025-12-10 09:00:29.318005,Transportation,Vendor_Transportation_2,-48.29,Expense,241.45,0.71
391,2025-12-10 20:16:29.318005,Dining,Vendor_Dining_3,-52.3,Expense,78.45,0.7
392,2025-12-11 19:26:29.318005,Transportation,Vendor_Transportation_5,-55.3,Expense,276.5,0.7
394,2025-12-12 09:01:29.318005,Transportation,Vendor_Transportation_5,-74.95,Expense,374.75,0.05
393,2025-12-12 09:33:29.318005,Transportation,Vendor_Transportation_5,-47.52,Expense,237.6,0.48
395,2025-12-12 19:15:29.318005,Dining,Vendor_Dining_1,-86.85,Expense,130.27,0.15
398,2025-12-13 07:24:29.318005,Utilities,Vendor_Utilities_2,-180.1,Expense,450.25,0.9
396,2025-12-13 11:39:29.318005,Transportation,Vendor_Transportation_1,-42.11,Expense,210.55,0.89
397,2025-12-13 11:39:29.318005,Entertainment,Vendor_Entertainment_3,-96.34,Expense,28.9,0.66
399,2025-12-14 21:49:29.318005,Shopping,Vendor_Shopping_4,-229.29,Expense,458.58,0.71
400,2025-12-15 12:31:29.318005,Transportation,Vendor_Transportation_2,-73.19,Expense,365.95,0.81
401,2025-12-15 18:21:29.318005,Utilities,Vendor_Utilities_1,-205.6,Expense,514.0,0.4
402,2025-12-15 18:43:29.318005,Transportation,Vendor_Transportation_1,-70.99,Expense,354.95,0.01
404,2025-12-20 08:02:29.318005,Utilities,Vendor_Utilities_3,-184.54,Expense,461.35,0.46
403,2025-12-20 11:58:29.318005,Transportation,Vendor_Transportation_3,-49.52,Expense,247.6,0.48
406,2025-12-21 16:35:29.318005,Transportation,Vendor_Transportation_1,-49.85,Expense,249.25,0.15
405,2025-12-21 20:37:29.318005,Healthcare,Vendor_Healthcare_5,-389.54,Expense,38.95,0.46
407,2025-12-22 21:55:29.318005,Groceries,Vendor_Groceries_1,-60.62,Expense,72.74,0.38
408,2025-12-23 16:04:29.318005,Transportation,Vendor_Transportation_4,-28.01,Expense,140.05,0.99
409,2025-12-23 17:59:29.318005,Utilities,Vendor_Utilities_2,-290.79,Expense,726.98,0.21
410,2025-12-24 22:03:29.318005,Transportation,Vendor_Transportation_4,-33.52,Expense,167.6,0.48
411,2025-12-25 15:50:29.318005,Groceries,Vendor_Groceries_5,-92.95,Expense,111.54,0.05
412,2025-12-25 17:40:29.318005,Shopping,Vendor_Shopping_1,-85.53,Expense,171.06,0.47
413,2025-12-27 15:52:29.318005,Transportation,Vendor_Transportation_5,-67.28,Expense,336.4,0.72
414,2025-12-27 16:43:29.318005,Groceries,Vendor_Groceries_5,-146.85,Expense,176.22,0.15
416,2025-12-28 16:17:29.318005,Dining,Vendor_Dining_4,-91.81,Expense,137.72,0.19
415,2025-12-28 16:56:29.318005,Dining,Vendor_Dining_2,-60.91,Expense,91.36,0.09
417,2025-12-29 09:46:29.318005,Groceries,Vendor_Groceries_3,-69.06,Expense,82.87,0.94
418,2025-12-29 19:29:29.318005,Utilities,Vendor_Utilities_4,-289.25,Expense,723.12,0.75
420,2025-12-30 13:56:29.318005,Entertainment,Vendor_Entertainment_5,-149.87,Expense,44.96,0.13
419,2025-12-30 14:47:29.318005,Transportation,Vendor_Transportation_3,-78.58,Expense,392.9,0.42
421,2025-12-30 16:06:29.318005,Groceries,Vendor_Groceries_2,-81.86,Expense,98.23,0.14
424,2025-12-31 09:44:29.318005,Transportation,Vendor_Transportation_2,-23.86,Expense,119.3,0.14
422,2025-12-31 11:46:29.318005,Groceries,Vendor_Groceries_5,-69.85,Expense,83.82,0.15
423,2025-12-31 18:21:29.318005,Shopping,Vendor_Shopping_2,-175.97,Expense,351.94,0.03
428,2026-01-01 23:07:29.318005,Subscriptions,Gym,-45.0,Expense,4.5,0.0
427,2026-01-01 23:07:29.318005,Subscriptions,Adobe,-58.99,Expense,5.9,0.01
429,2026-01-01 23:07:29.318005,Housing,Property Management,-1800.0,Expense,900.0,0.0
425,2026-01-01 23:07:29.318005,Income,Employer INC,5500.0,Income,0.0,0.0
426,2026-01-01 23:07:29.318005,Subscriptions,Netflix,-15.99,Expense,1.6,0.01
430,2026-01-02 07:17:29.318005,Transportation,Vendor_Transportation_1,-47.93,Expense,239.65,0.07
431,2026-01-02 19:21:29.318005,Dining,Vendor_Dining_4,-42.37,Expense,63.55,0.63
433,2026-01-03 10:46:29.318005,Entertainment,Vendor_Entertainment_3,-52.48,Expense,15.74,0.52
432,2026-01-03 15:50:29.318005,Groceries,Vendor_Groceries_2,-91.52,Expense,109.82,0.48
434,2026-01-03 17:50:29.318005,Entertainment,Vendor_Entertainment_2,-117.48,Expense,35.24,0.52
436,2026-01-04 09:04:29.318005,Utilities,Vendor_Utilities_2,-288.4,Expense,721.0,0.6
435,2026-01-04 17:38:29.318005,Groceries,Vendor_Groceries_5,-89.53,Expense,107.44,0.47
437,2026-01-05 11:12:29.318005,Entertainment,Vendor_Entertainment_3,-160.43,Expense,48.13,0.57
439,2026-01-08 14:42:29.318005,Groceries,Vendor_Groceries_5,-85.14,Expense,102.17,0.86
438,2026-01-08 15:16:29.318005,Groceries,Vendor_Groceries_4,-60.74,Expense,72.89,0.26
440,2026-01-08 16:05:29.318005,Entertainment,Vendor_Entertainment_4,-74.45,Expense,22.34,0.55
443,2026-01-10 15:03:29.318005,Groceries,Vendor_Groceries_4,-146.47,Expense,175.76,0.53
442,2026-01-10 16:39:29.318005,Groceries,Vendor_Groceries_2,-86.4,Expense,103.68,0.6
441,2026-01-10 17:46:29.318005,Groceries,Vendor_Groceries_1,-103.11,Expense,123.73,0.89
444,2026-01-11 07:35:29.318005,Dining,Vendor_Dining_5,-96.54,Expense,144.81,0.46
445,2026-01-12 17:13:29.318005,Transportation,Vendor_Transportation_1,-34.94,Expense,174.7,0.06
446,2026-01-13 10:00:29.318005,Utilities,Vendor_Utilities_1,-116.41,Expense,291.02,0.59
447,2026-01-14 09:34:29.318005,Groceries,Vendor_Groceries_4,-130.18,Expense,156.22,0.82
448,2026-01-14 17:50:29.318005,Utilities,Vendor_Utilities_2,-191.4,Expense,478.5,0.6
449,2026-01-15 08:58:29.318005,Transportation,Vendor_Transportation_1,-58.76,Expense,293.8,0.24
450,2026-01-15 09:07:29.318005,Healthcare,Vendor_Healthcare_4,-246.57,Expense,24.66,0.43
451,2026-01-16 13:03:29.318005,Transportation,Vendor_Transportation_4,-35.67,Expense,178.35,0.33
453,2026-01-17 14:44:29.318005,Groceries,Vendor_Groceries_4,-85.93,Expense,103.12,0.07
452,2026-01-17 20:00:29.318005,Transportation,Vendor_Transportation_1,-75.83,Expense,379.15,0.17
454,2026-01-18 17:18:29.318005,Dining,Vendor_Dining_4,-34.67,Expense,52.01,0.33
456,2026-01-19 08:26:29.318005,Transportation,Vendor_Transportation_3,-61.01,Expense,305.05,0.99
455,2026-01-19 13:12:29.318005,Utilities,Vendor_Utilities_3,-200.87,Expense,502.18,0.13
457,2026-01-20 08:10:29.318005,Groceries,Vendor_Groceries_3,-119.03,Expense,142.84,0.97
458,2026-01-20 15:16:29.318005,Groceries,Vendor_Groceries_1,-51.93,Expense,62.32,0.07
459,2026-01-22 14:55:29.318005,Shopping,Vendor_Shopping_3,-150.82,Expense,301.64,0.18
460,2026-01-22 20:53:29.318005,Transportation,Vendor_Transportation_5,-64.82,Expense,324.1,0.18
461,2026-01-25 15:20:29.318005,Groceries,Vendor_Groceries_4,-147.25,Expense,176.7,0.75
463,2026-01-28 09:58:29.318005,Groceries,Vendor_Groceries_5,-111.09,Expense,133.31,0.91
462,2026-01-28 19:01:29.318005,Groceries,Vendor_Groceries_4,-126.66,Expense,151.99,0.34
465,2026-01-29 09:30:29.318005,Groceries,Vendor_Groceries_4,-147.4,Expense,176.88,0.6
464,2026-01-29 20:59:29.318005,Groceries,Vendor_Groceries_3,-93.67,Expense,112.4,0.33
466,2026-01-31 12:05:29.318005,Groceries,Vendor_Groceries_1,-57.94,Expense,69.53,0.06
467,2026-02-01 23:07:29.318005,Income,Employer INC,5500.0,Income,0.0,0.0
468,2026-02-01 23:07:29.318005,Subscriptions,Netflix,-15.99,Expense,1.6,0.01
469,2026-02-01 23:07:29.318005,Subscriptions,Adobe,-58.99,Expense,5.9,0.01
470,2026-02-01 23:07:29.318005,Subscriptions,Gym,-45.0,Expense,4.5,0.0
471,2026-02-01 23:07:29.318005,Housing,Property Management,-1800.0,Expense,900.0,0.0
472,2026-02-03 19:25:29.318005,Dining,Vendor_Dining_2,-50.14,Expense,75.21,0.86
474,2026-02-05 07:28:29.318005,Dining,Vendor_Dining_3,-59.33,Expense,89.0,0.67
473,2026-02-05 15:39:29.318005,Transportation,Vendor_Transportation_5,-66.94,Expense,334.7,0.06
475,2026-02-08 11:55:29.318005,Dining,Vendor_Dining_3,-38.21,Expense,57.31,0.79
476,2026-02-08 18:29:29.318005,Dining,Vendor_Dining_4,-97.51,Expense,146.27,0.49
478,2026-02-09 12:05:29.318005,Dining,Vendor_Dining_5,-95.2,Expense,142.8,0.8
477,2026-02-09 20:05:29.318005,Groceries,Vendor_Groceries_2,-109.89,Expense,131.87,0.11
479,2026-02-11 12:03:29.318005,Groceries,Vendor_Groceries_5,-80.72,Expense,96.86,0.28
481,2026-02-16 13:55:29.318005,Groceries,Vendor_Groceries_2,-57.59,Expense,69.11,0.41
482,2026-02-16 14:54:29.318005,Groceries,Vendor_Groceries_4,-78.66,Expense,94.39,0.34
480,2026-02-16 19:48:29.318005,Groceries,Vendor_Groceries_4,-127.64,Expense,153.17,0.36
483,2026-02-18 08:49:29.318005,Dining,Vendor_Dining_4,-44.46,Expense,66.69,0.54
484,2026-02-18 13:49:29.318005,Entertainment,Vendor_Entertainment_2,-159.31,Expense,47.79,0.69
485,2026-02-19 10:11:29.318005,Groceries,Vendor_Groceries_2,-69.2,Expense,83.04,0.8
486,2026-02-19 18:04:29.318005,Utilities,Vendor_Utilities_2,-170.64,Expense,426.6,0.36
487,2026-02-20 13:23:29.318005,Entertainment,Vendor_Entertainment_3,-196.19,Expense,58.86,0.81
489,2026-02-20 15:05:29.318005,Groceries,Vendor_Groceries_4,-149.1,Expense,178.92,0.9
488,2026-02-20 18:00:29.318005,Utilities,Vendor_Utilities_3,-161.32,Expense,403.3,0.68
490,2026-02-21 12:31:29.318005,Transportation,Vendor_Transportation_5,-51.52,Expense,257.6,0.48
491,2026-02-22 08:01:29.318005,Dining,Vendor_Dining_2,-84.89,Expense,127.34,0.11
492,2026-02-24 11:49:29.318005,Groceries,Vendor_Groceries_5,-124.92,Expense,149.9,0.08
493,2026-02-26 16:58:29.318005,Entertainment,Vendor_Entertainment_5,-120.01,Expense,36.0,0.99
494,2026-02-26 17:33:29.318005,Utilities,Vendor_Utilities_4,-259.94,Expense,649.85,0.06
495,2026-02-26 18:09:29.318005,Shopping,Vendor_Shopping_5,-260.21,Expense,520.42,0.79
498,2026-02-27 09:13:29.318005,Groceries,Vendor_Groceries_1,-108.65,Expense,130.38,0.35
496,2026-02-27 11:27:29.318005,Transportation,Vendor_Transportation_4,-33.39,Expense,166.95,0.61
497,2026-02-27 20:24:29.318005,Transportation,Vendor_Transportation_4,-54.18,Expense,270.9,0.82
499,2026-03-01 18:54:29.318005,Transportation,Vendor_Transportation_3,-73.99,Expense,369.95,0.01
500,2026-03-01 23:07:29.318005,Income,Employer INC,5500.0,Income,0.0,0.0
501,2026-03-01 23:07:29.318005,Subscriptions,Netflix,-15.99,Expense,1.6,0.01
502,2026-03-01 23:07:29.318005,Subscriptions,Adobe,-58.99,Expense,5.9,0.01
503,2026-03-01 23:07:29.318005,Subscriptions,Gym,-45.0,Expense,4.5,0.0
504,2026-03-01 23:07:29.318005,Housing,Property Management,-1800.0,Expense,900.0,0.0
505,2026-03-02 08:21:29.318005,Dining,Vendor_Dining_4,-91.54,Expense,137.31,0.46
506,2026-03-02 10:53:29.318005,Entertainment,Vendor_Entertainment_3,-100.7,Expense,30.21,0.3
507,2026-03-02 14:25:29.318005,Dining,Vendor_Dining_3,-74.52,Expense,111.78,0.48
509,2026-03-05 08:05:29.318005,Transportation,Vendor_Transportation_1,-58.05,Expense,290.25,0.95
508,2026-03-05 10:29:29.318005,Healthcare,Vendor_Healthcare_3,-387.99,Expense,38.8,0.01
511,2026-03-08 08:06:29.318005,Transportation,Vendor_Transportation_4,-21.55,Expense,107.75,0.45
510,2026-03-08 19:43:29.318005,Healthcare,Vendor_Healthcare_1,-411.98,Expense,41.2,0.02
513,2026-03-09 07:09:29.318005,Dining,Vendor_Dining_3,-45.26,Expense,67.89,0.74
512,2026-03-09 13:01:29.318005,Utilities,Vendor_Utilities_4,-207.74,Expense,519.35,0.26
514,2026-03-09 13:47:29.318005,Shopping,Vendor_Shopping_5,-289.75,Expense,579.5,0.25
515,2026-03-11 14:18:29.318005,Entertainment,Vendor_Entertainment_1,-153.73,Expense,46.12,0.27
517,2026-03-13 13:33:29.318005,Groceries,Vendor_Groceries_3,-143.55,Expense,172.26,0.45
516,2026-03-13 15:08:29.318005,Dining,Vendor_Dining_2,-36.47,Expense,54.7,0.53
519,2026-03-15 12:57:29.318005,Utilities,Vendor_Utilities_1,-285.44,Expense,713.6,0.56
518,2026-03-15 16:21:29.318005,Shopping,Vendor_Shopping_2,-179.96,Expense,359.92,0.04
520,2026-03-15 20:07:29.318005,Dining,Vendor_Dining_3,-37.18,Expense,55.77,0.82
523,2026-03-16 11:45:29.318005,Groceries,Vendor_Groceries_2,-120.13,Expense,144.16,0.87
522,2026-03-16 16:07:29.318005,Transportation,Vendor_Transportation_1,-30.46,Expense,152.3,0.54
521,2026-03-16 20:49:29.318005,Dining,Vendor_Dining_3,-73.65,Expense,110.48,0.35
526,2026-03-17 08:58:29.318005,Dining,Vendor_Dining_5,-97.04,Expense,145.56,0.96
524,2026-03-17 16:09:29.318005,Groceries,Vendor_Groceries_1,-80.6,Expense,96.72,0.4
525,2026-03-17 20:37:29.318005,Transportation,Vendor_Transportation_1,-47.22,Expense,236.1,0.78
528,2026-03-20 07:15:29.318005,Healthcare,Vendor_Healthcare_3,-172.03,Expense,17.2,0.97
527,2026-03-20 14:18:29.318005,Dining,Vendor_Dining_4,-84.24,Expense,126.36,0.76
529,2026-03-20 18:56:29.318005,Healthcare,Vendor_Healthcare_1,-350.74,Expense,35.07,0.26
530,2026-03-21 11:22:29.318005,Entertainment,Vendor_Entertainment_5,-137.29,Expense,41.19,0.71
532,2026-03-21 12:45:29.318005,Utilities,Vendor_Utilities_2,-252.34,Expense,630.85,0.66
531,2026-03-21 17:00:29.318005,Healthcare,Vendor_Healthcare_4,-312.98,Expense,31.3,0.02
533,2026-03-22 13:51:29.318005,Transportation,Vendor_Transportation_5,-33.44,Expense,167.2,0.56
534,2026-03-23 21:54:29.318005,Dining,Vendor_Dining_5,-61.57,Expense,92.36,0.43
535,2026-03-24 09:52:29.318005,Entertainment,Vendor_Entertainment_4,-188.01,Expense,56.4,0.99
537,2026-03-25 12:33:29.318005,Transportation,Vendor_Transportation_1,-67.77,Expense,338.85,0.23
536,2026-03-25 18:49:29.318005,Utilities,Vendor_Utilities_3,-270.13,Expense,675.33,0.87
538,2026-03-26 11:55:29.318005,Groceries,Vendor_Groceries_1,-59.83,Expense,71.8,0.17
539,2026-03-26 13:24:29.318005,Entertainment,Vendor_Entertainment_2,-108.74,Expense,32.62,0.26
540,2026-03-29 15:18:29.318005,Shopping,Vendor_Shopping_2,-72.79,Expense,145.58,0.21
541,2026-03-29 20:51:29.318005,Transportation,Vendor_Transportation_4,-62.57,Expense,312.85,0.43
542,2026-03-30 08:49:29.318005,Transportation,Vendor_Transportation_1,-70.65,Expense,353.25,0.35
543,2026-03-30 13:20:29.318005,Transportation,Vendor_Transportation_4,-25.79,Expense,128.95,0.21
544,2026-03-30 19:58:29.318005,Groceries,Vendor_Groceries_4,-137.3,Expense,164.76,0.7
545,2026-04-01 23:07:29.318005,Income,Employer INC,5500.0,Income,0.0,0.0
546,2026-04-01 23:07:29.318005,Subscriptions,Netflix,-15.99,Expense,1.6,0.01
547,2026-04-01 23:07:29.318005,Subscriptions,Adobe,-58.99,Expense,5.9,0.01
548,2026-04-01 23:07:29.318005,Subscriptions,Gym,-45.0,Expense,4.5,0.0
549,2026-04-01 23:07:29.318005,Housing,Property Management,-1800.0,Expense,900.0,0.0
550,2026-04-02 13:19:29.318005,Entertainment,Vendor_Entertainment_1,-149.33,Expense,44.8,0.67
552,2026-04-04 08:06:29.318005,Transportation,Vendor_Transportation_5,-57.43,Expense,287.15,0.57
551,2026-04-04 11:44:29.318005,Groceries,Vendor_Groceries_2,-90.7,Expense,108.84,0.3
554,2026-04-05 16:02:29.318005,Transportation,Vendor_Transportation_4,-66.65,Expense,333.25,0.35
553,2026-04-05 17:56:29.318005,Entertainment,Vendor_Entertainment_1,-104.98,Expense,31.49,0.02
556,2026-04-07 12:42:29.318005,Transportation,Vendor_Transportation_3,-65.21,Expense,326.05,0.79
555,2026-04-07 18:42:29.318005,Utilities,Vendor_Utilities_5,-191.5,Expense,478.75,0.5
557,2026-04-08 07:49:29.318005,Groceries,Vendor_Groceries_3,-111.47,Expense,133.76,0.53
558,2026-04-09 16:11:29.318005,Dining,Vendor_Dining_5,-33.2,Expense,49.8,0.8
559,2026-04-09 20:25:29.318005,Groceries,Vendor_Groceries_5,-125.74,Expense,150.89,0.26
560,2026-04-09 20:33:29.318005,Dining,Vendor_Dining_3,-74.41,Expense,111.61,0.59
561,2026-04-10 14:38:29.318005,Healthcare,Vendor_Healthcare_4,-355.92,Expense,35.59,0.08
562,2026-04-10 16:21:29.318005,Groceries,Vendor_Groceries_2,-120.17,Expense,144.2,0.83
563,2026-04-13 13:23:29.318005,Entertainment,Vendor_Entertainment_1,-47.41,Expense,14.22,0.59
565,2026-04-14 12:25:29.318005,Groceries,Vendor_Groceries_2,-132.4,Expense,158.88,0.6
564,2026-04-14 17:26:29.318005,Groceries,Vendor_Groceries_2,-92.49,Expense,110.99,0.51
566,2026-04-15 15:29:29.318005,Dining,Vendor_Dining_2,-58.48,Expense,87.72,0.52
567,2026-04-17 11:37:29.318005,Transportation,Vendor_Transportation_5,-35.89,Expense,179.45,0.11
569,2026-04-18 07:36:29.318005,Dining,Vendor_Dining_3,-87.33,Expense,131.0,0.67
570,2026-04-18 09:30:29.318005,Dining,Vendor_Dining_2,-45.17,Expense,67.75,0.83
568,2026-04-18 12:47:29.318005,Dining,Vendor_Dining_1,-54.82,Expense,82.23,0.18
571,2026-04-19 18:27:29.318005,Dining,Vendor_Dining_4,-65.31,Expense,97.97,0.69
